{"cameraMode":{"drawMode":0,"name":"Shaded","section":"Shading Mode"},"sceneLighting":false,"audioPlay":false,"sceneViewState":{"m_AlwaysRefresh":false,"showFog":true,"showSkybox":false,"showFlares":true,"showImageEffects":true,"showParticleSystems":true,"showVisualEffectGraphs":true,"m_FxEnabled":true},"in2DMode":false,"pivot":{"x":-0.6283779740333557,"y":-0.7455391883850098,"z":6.672916889190674},"rotation":{"x":0.06289886683225632,"y":-0.043399982154369357,"z":0.0027378175873309376,"w":0.9970729947090149},"size":3.9534847736358644,"orthographic":false}