{"cameraMode":{"drawMode":0,"name":"Shaded","section":"Shading Mode"},"sceneLighting":false,"audioPlay":false,"sceneViewState":{"m_AlwaysRefresh":false,"showFog":true,"showSkybox":false,"showFlares":true,"showImageEffects":true,"showParticleSystems":true,"showVisualEffectGraphs":true,"m_FxEnabled":true},"in2DMode":false,"pivot":{"x":-0.3889999985694885,"y":1.1330000162124634,"z":0.42500001192092898},"rotation":{"x":0.056553322821855548,"y":-0.12040777504444123,"z":0.0068706851452589039,"w":0.9910888075828552},"size":0.12311998009681702,"orthographic":true}